{"assets/background_4.jpg":["assets/background_4.jpg"],"assets/completed_Stamp.png":["assets/completed_Stamp.png"],"assets/device2.jpg":["assets/device2.jpg"],"assets/en.json":["assets/en.json"],"assets/es.json":["assets/es.json"],"assets/warehouse.apk":["assets/warehouse.apk"],"packages/cupertino_icons/assets/CupertinoIcons.ttf":["packages/cupertino_icons/assets/CupertinoIcons.ttf"],"packages/fluttertoast/assets/toastify.css":["packages/fluttertoast/assets/toastify.css"],"packages/fluttertoast/assets/toastify.js":["packages/fluttertoast/assets/toastify.js"]}